applied_load,span_length,material_strength,reinforcement_area,failure
218.5430534813131,7.585293712157961,27.405317153544786,615.2654281089744,1
477.8214378844623,6.288770930752963,41.67603789513433,583.3455021037848,1
379.3972738151323,4.476220930290622,54.91783343505633,220.51365264514854,1
319.3963178886665,8.51036015765559,49.28899545638245,472.9982621009251,1
120.20838819909643,7.477849380431034,52.26244591445799,504.15649502868564,1
120.1975341512912,3.3009355147591304,46.35133466842869,519.0582247175204,1
76.13762547568976,9.28741747595074,47.6910625807141,664.1378953818657,1
439.7792655987208,8.580297943385352,53.96782606261277,626.8820373815028,1
320.50175528444396,9.598399306335391,29.98672035436744,686.3240742347557,1
368.63266000822045,7.80575606710688,39.576998545725615,811.9066092337026,1
59.263022433111104,6.907321567486319,28.84837767278409,850.3885909728748,1
486.45943347289744,5.345944290324951,59.50672031986588,774.4984609811955,1
424.59918836018977,9.461827866832106,57.76237358746453,964.4189567639478,1
145.55259980522428,8.928511116003268,21.577072454740236,214.5860661410893,1
131.82123524319528,2.3617493608495153,48.22300690062754,356.6223885468369,1
132.53202943404523,2.210935795978016,57.009932696626635,206.0502999825137,1
186.90900933179196,5.011706935024397,27.22301380509334,717.9797713236824,1
286.140394234507,8.484426646254663,42.717809222105174,918.4244391599896,1
244.3752583889521,9.898209034519557,56.619531903521676,394.78583726103943,1
181.05311308911885,3.2033351288282255,21.357839143431953,941.6276358370453,1
325.33380262507075,6.753045722817081,47.8968106898736,248.2139122316487,1
112.77223729341883,5.047126853048172,31.89396029490203,947.5488214444115,1
181.46509184084817,9.759315182516826,56.975847815061215,481.29814979170754,1
214.86282948216126,8.73695138508567,58.842329806614714,281.1366627593732,1
255.23149289766616,8.706629637689103,57.770659564537354,588.6974073490605,1
403.3291826268561,5.749545278359762,38.96856866629855,405.42125417640636,1
139.85320197126188,5.318556018701321,54.481706039572536,427.89832156953827,1
281.4054972861252,4.18725657544565,53.78197594140281,445.8319719410292,1
316.5865559879191,2.451003973207417,32.76401892973023,842.4207182661307,1
70.90268572399897,8.917779010040427,53.1566189660271,631.3290213402036,1
323.39518335564725,8.503208073040621,21.480305388619705,449.04615932480294,1
126.73585565928119,9.997741386289045,43.85079513928212,688.2670266487347,1
79.27321684337578,9.973094696591243,29.20035349150812,772.9205393785548,1
476.99849176399994,6.44345364482102,24.822675431091152,418.099200586827,1
484.53441488355173,8.151899321444084,23.078128065168364,530.8392812202812,1
413.7788066524075,9.558125839059425,47.85155103512559,297.50887466955805,1
187.07619612801682,8.79717912541929,33.59499855072265,344.91947962774424,1
93.95245130287273,3.9787848139455813,48.99067086115046,744.8942831719862,1
357.9048619304706,5.604353082480748,22.614253631957695,345.15067815650156,1
248.06862218282058,3.03327532121196,32.61161351322441,620.1307069336481,1
104.91720568015047,9.632408218069779,41.57965169501349,767.2370093779462,1
272.8296095500716,6.84939707560704,51.628926593558546,285.5015384757951,1
65.47483450184828,3.8291424440277018,32.7501001172828,653.8497757031228,1
459.1941809354519,7.373605475246854,45.03565505748036,405.250226961091,1
166.4509917200076,6.945025923663167,55.43910992944748,970.3415001900638,1
348.1350279592919,4.865301744262724,44.63452752729218,586.8365173759398,1
190.26998424023492,2.908460737597032,29.31837899014535,844.7940398201265,1
284.0306095300149,7.372585564742397,20.97603126226152,640.1812337250094,1
296.01962570447586,6.162461607230346,54.803954956037195,234.73002628385532,1
133.18450498648718,8.178547133885115,20.850776434015486,706.5211004752178,1
486.31308249405134,6.161308008895947,54.98806690736798,961.1226737653257,1
398.80977051250153,8.817452002548322,41.157485361088476,681.2894561170649,1
472.7745237038851,6.415254710195884,57.56270794051585,855.3510875414322,1
452.67230769244196,6.48750377228309,51.951329430946615,907.3651706787263,1
319.0549904649883,9.013228821266761,59.9173644213335,382.463817559146,1
464.84340576040256,5.227862929699176,34.028472618068406,369.63587192658133,1
89.82162592336377,3.072121827605126,50.68753155724508,688.7847910807934,1
138.19228808861533,2.230261410506712,36.07723654436968,528.8227758453638,1
70.35228000974213,8.041098045388953,39.195024812156355,871.8890422933763,1
196.39864884346895,6.962476410827717,45.1002185287348,920.018498718409,1
224.9047803602669,7.6326381447937885,54.94708456745355,482.7371034421745,1
172.10706429825316,3.703713292071286,59.363338767971804,389.49644717958563,1
422.9318791183682,3.090971804694158,50.73093655458073,824.4204121950895,1
210.53899701211517,2.1163573253430554,36.710671286693355,419.8448284385089,1
176.42052935932134,4.804700470452776,36.854280091082806,858.0914548109428,1
294.21323742121183,6.719341494837065,49.50329206355566,538.9906029190103,1
113.41590123864319,5.1379523607978586,29.55108583073209,734.0399194331764,1
410.98864133931784,5.4997993761898325,24.418964525255788,276.42825106773455,1
83.54778965589688,9.233269555949988,34.18488630563106,699.0874597412584,1
494.0991214702328,4.786043736186403,31.48955966616327,561.4141429897833,1
397.51014618349586,6.111915913278486,31.8523248182396,669.2867705403793,1
139.4220566903776,8.269224101929144,29.344310041996398,334.41136619589076,1
52.48495270562108,5.172342258570161,21.683727585454477,789.4989959553457,1
416.95764280467534,6.976693601822988,20.714957389336554,890.2376620345829,1
368.0858047314277,8.89890966997396,59.50889558944126,373.39184007262054,1
378.0532256184443,9.596164989261137,37.110925349434496,276.5716444161294,1
397.0716560086756,3.1765878474323035,35.373065886387266,218.91086883706913,1
83.32009328034067,9.412701001291955,47.1858913077228,713.5772003546128,1
211.30957784492267,5.9369303446363055,28.730155514602565,685.6752288710246,1
102.14107678630837,4.065955106391667,57.99844735800902,637.357930171256,1
438.3965416440171,5.6730860499060904,51.453800576622086,385.55767689278036,1
330.48415707240105,9.840260602283816,23.57644009249038,512.7247967244118,1
198.90411118369212,5.940944751942957,36.70323103139714,675.5810681489384,1
78.60125762871064,4.630012882300066,55.164732302486584,597.4134870873355,1
189.94204477204798,7.067206834533806,57.78928089165641,990.2284161719099,1
196.33249491203617,3.9211649502255446,38.69606044999479,309.1518020453865,1
378.32278025212884,2.6069066248693114,44.53645556842831,756.115643238075,1
336.9008621098459,3.031037775285194,26.68135784368301,523.4550144834337,1
449.24573415934697,3.0243667116621795,59.646745045479065,542.5596919404918,1
262.4967163228772,3.215221548098355,29.266868055337735,774.0782125265409,1
103.81741067223577,3.110617381195281,57.709270965405025,753.9489210594957,1
370.9601542503477,7.126997958425717,45.985865959694735,993.0047949617507,1
392.35327187760385,3.4550406751931586,44.309471795154366,302.71543156330017,1
302.5747389062733,4.765338266590906,40.50754044066034,283.28771950733307,1
396.93523097955244,9.174307279248094,29.226792468710347,779.4710537029929,1
272.20801836397584,5.791693122102979,27.06112128022033,662.7095336051273,1
285.2297732218973,7.340461908168217,28.819448362807016,419.3285332478447,1
242.39345826134732,3.3785589696130387,27.45753048577018,263.5354951911893,1
61.43860703484283,3.538312150469366,51.18337894267013,268.5265996771444,1
98.551142146987,2.326948930131831,34.005010366669204,915.3526997312946,1
64.14313355903042,3.3514805045773164,22.313707062535855,353.49385977499435,1
336.3846850687012,4.228722712255669,58.764105205632454,458.6972496924166,1
191.460191484347,3.4160838742139745,55.35143539853703,381.3251217815904,1
278.85681102411627,2.709620270056445,57.11009132780852,483.9970446655498,1
458.40491326674186,2.9650869688048065,59.79631290585741,255.5390741968747,1
162.18150311699372,5.686230144261806,26.95580996877949,615.2478327266163,1
234.6723153660334,3.65066974724634,35.84968075610635,254.09005087377193,1
389.9980123443719,4.914158888384604,50.32953902816365,840.2852062578893,1
152.9591744712301,6.027338166838855,47.84082472215169,386.9696655283464,1
84.64095942295685,7.523158629034922,26.155836253594202,632.0095316836084,1
180.38815381119562,2.3144971187287915,52.63332499962471,904.0632700491666,1
122.54957926430198,8.395283191272341,28.977622873466427,720.7018952377554,1
468.36394355415786,7.023203115927262,28.952704592904922,626.3662292410683,1
413.65417080398765,2.6540722555909753,41.47897691573654,459.4670024923005,1
335.03169042969057,8.988628992854217,43.71759739366813,466.40153044655835,1
442.15726558447295,9.366979204254505,43.203448313512446,735.5895641585521,1
411.6524346046015,2.48862367883891,23.659473495910195,995.311488976934,1
133.95652649871613,4.21502118517763,55.09843450521522,729.4713518795029,1
451.65154932049,8.44961023834449,30.62400170354824,646.2267338960199,1
292.7040088620428,7.986077523069267,25.180596851312167,784.5204081913969,1
413.34806982382815,3.4761681548510186,55.54992319475909,572.1644898269745,1
453.24108496557193,3.6747945866936824,58.226059929190136,248.11387408062816,1
193.10156373733875,4.963776822331056,54.48510469061802,649.8374527023278,1
99.52336603745454,5.876183881528171,52.38064298899512,966.1002276043041,1
152.57082314387375,6.946038172242368,46.20967922556087,340.2423538861277,1
242.19850488181535,4.951309116558179,42.034294824365574,752.0039126565326,1
418.1066446651219,5.700277729065183,23.479470396456406,360.74695092724517,1
437.32876246535454,7.979767505070052,36.338128522827944,628.662147578465,1
53.128458739035814,2.293465623124783,34.90754068049256,277.3411597173757,1
279.8362861599046,4.019495554752166,30.39015135041305,560.2967490065481,1
237.83495141695056,7.7067966870764195,48.936804547543396,804.9306631161969,1
149.9485147118286,9.161654701497595,39.835029403150834,478.05721939118564,1
103.93941530015726,6.093419536925329,23.241848636305917,731.9293795897744,1
201.9268271316326,6.256907882122525,28.80732807799245,836.3599686317833,1
474.3093667606336,2.8573760907182084,47.33035054638384,941.7422555835622,1
195.44131940933985,5.579298934587637,23.04523437961201,387.7136654843628,1
283.45577978451473,6.260938131640185,54.04827656195075,519.4527326474465,1
366.35853150283003,3.9397640290778373,39.80586108055897,321.93281066433394,1
213.63332107068229,4.153945847595048,39.22346309306592,993.9868017267002,1
487.3019372244323,5.018273304836981,43.6963113863807,941.6007743394363,1
483.1012827239501,2.160569582221811,52.987238637005966,631.9657042244477,1
163.30203312141387,4.576633324665426,33.91236831608772,873.626635501137,1
273.7618276515734,3.691584055972357,47.12064610236254,616.7663818176338,1
185.39523941754635,4.619978817423317,42.62927855983165,698.8685504022078,1
178.17822246986043,2.9580970545540097,30.681130806776853,271.2995456928133,1
66.59912630953976,9.12421824591916,55.14519945420632,804.2163363974463,1
324.3039502909536,6.748739628432389,51.89704086427712,302.1707869081879,1
276.2055604529877,7.432818553155917,46.338073386337015,860.8541042020227,1
73.16543806249521,8.313369908858707,54.023269163769676,825.6224701363087,1
175.39090890647515,5.987537591432458,54.6917680383921,766.9957581943811,1
458.7196486849942,2.6953623046993895,48.334519068601395,228.9283044198097,1
157.8028508001376,6.296852334548382,53.48053313454688,442.50268475626285,1
115.20269244105039,6.694728944167033,47.898858466771344,410.4900559286743,1
270.2537421249034,7.96351579347464,47.205630870412016,488.1091259772153,1
493.5427043497703,5.453276369837435,44.74445512860737,270.11419741107085,1
158.92487218017519,3.02064242236451,50.10866558230565,949.5662584248503,1
352.4609963326453,4.270207246389796,26.344204211722946,643.041792569901,1
392.7288268979229,4.904658371189081,55.23483036795714,444.4194485264188,1
156.93689479657985,7.16733793065281,54.87374110980928,517.5852136594267,1
377.6973568753368,6.566226437351295,21.169891321382366,557.7620324038685,1
215.50240972366396,4.84877380718277,53.03267002259051,680.4754666884938,1
334.53762376711074,9.892121990343838,25.154794698937806,612.5435421571982,1
335.08836984240264,6.846198554855097,33.40475417036568,935.5135785715339,1
291.0986078336413,3.897814333887956,49.74033025166431,597.5707863246641,1
90.63039652448373,2.81425978096323,26.430395841932327,993.7264118586502,1
425.88612301515707,3.222873113474656,52.718680964762484,881.1399661960766,1
194.35102923728113,3.967661827076065,53.28536711830968,366.80841148586865,1
133.9333296799344,3.2854509860764454,40.29870935043345,944.476171715133,1
68.34881369964376,3.492536192410446,20.255434868673344,293.0931183083809,1
315.90182443470883,4.280761349550777,31.48152532699651,853.9597667929532,1
354.9039628290271,3.3869887623580386,44.67707673502969,504.49863478126406,1
57.46452301753527,9.174123397011401,59.24744712109694,902.3794563560556,1
280.44187623467644,2.6418699652931377,45.272541080666734,894.4453520859603,1
151.92309883907208,6.196091116562037,30.39214324256639,844.7403200940969,1
340.32775568425245,5.283174615917292,45.360228123984456,832.0243490456492,1
128.46489305224617,9.859028935268851,41.59941518863422,443.74331127843266,1
360.92198214610966,2.8963112173444188,51.19381580604575,264.7354264410018,1
224.03090583524184,5.182844792365933,24.279225553078337,522.3841430121292,1
471.52849493153053,9.75576346620295,50.44111610008112,338.8196119892069,1
111.88442486569696,8.924057007151841,41.65066314704441,755.9608711219694,1
203.47985797261632,8.536576567594238,58.51968015435978,476.87978123022845,1
101.06308455826507,4.063222616359519,33.674886641547445,980.4881606879319,1
466.1121282253533,3.3671006991205266,45.304875725357924,712.7776618762656,1
444.80270902144144,7.349145759395448,57.2811242204007,857.9844509074887,1
166.07373247182002,9.435007913020687,24.10038911962717,306.01973819347876,1
346.99282071538056,6.454103144111438,57.48913948945805,889.6115858180981,1
417.7499900905471,6.572901515759199,47.51542889203253,938.2057524107155,1
299.84036521975804,4.239832749282273,22.713482364206875,589.6495350551487,1
288.3427602602029,8.155943465535495,32.03854267787265,685.002350200782,1
158.83353090520325,3.496349988460187,48.32688354581126,811.8478407223963,1
91.89624551265464,4.589433891233949,22.69402405875087,339.87090180833,1
453.747091078997,5.403491508931334,43.28681840705093,602.0528611707539,1
455.18812572349873,6.06088302947564,33.83532227811827,518.9304222178505,1
334.8956557729706,3.939277859320642,44.83662071069908,317.09919372979925,1
202.5634059719153,2.9186945979136283,21.829681352500515,494.02753783322515,1
207.1443085756974,6.884960339533061,54.86147224609505,254.53784750839486,1
376.68005549160773,4.309044425922046,58.939558767095875,220.6495255595896,1
453.6996169786597,6.649905771380898,58.75511421142766,308.1330313238582,1
449.18889091930276,3.2349017221936185,49.98607326971699,970.4920892713391,1
400.9439956359307,5.84912081483854,25.20344960522528,639.6236287160136,1
338.9142407694295,6.260715460412687,50.3305278371609,972.657728922576,1
87.86298424777198,2.4145882945794153,20.98347665835206,545.9983026641056,1
122.73292134257619,4.692834225551365,20.88494206115989,449.45290646820763,1
454.34938483718565,3.075317415511794,32.94440876598165,604.9134902721953,1
322.89307684681546,2.506999763782142,39.54572761618663,551.609350906328,1
54.13867322748334,9.919681859119562,50.816296712311726,284.53174740939517,1
95.66219428971445,4.578830759797784,47.33181506426021,712.661051752165,1
348.5757960986251,8.478995566837078,37.83610825506993,372.8305460076797,1
52.277712730798406,4.037125238110111,30.945066651266636,695.6703639182637,1
122.3636231378744,7.452021777791434,59.884980006308446,720.1608739185227,1
296.93020521496373,8.081822879117492,37.04725208943891,321.6198825029185,1
361.35283896171194,6.765109924862754,38.05548097318702,249.07970168853453,1
343.3825667761702,5.772609508401267,26.544952847666767,824.6092688547518,1
150.9211892572519,5.294727313178148,51.79238194999718,567.8403390154562,1
370.4806496063911,4.790946132343962,47.74728903125954,246.53103640438064,1
156.76208937356003,9.436233153982606,28.830784511550416,995.8930537358137,1
196.4298641716705,8.644955262301833,23.295241824633706,246.22444879709332,1
385.9211323031109,9.7202152853321,47.21997208298852,756.0281830868425,1
342.3348045712466,2.994377787884358,46.18044857124541,986.9431402107309,1
432.1505347223801,7.846939801629154,30.930381079928374,391.3440833727405,1
345.9258015351545,9.506723654568303,58.03454249001641,313.79949494975693,1
305.7388715009622,3.449864529325281,26.04231567123601,297.1079515379431,1
92.15364552264161,2.53197013893422,37.29339204170408,442.62011805407644,1
215.4721113767451,7.928965194320472,57.74463680670395,280.83664880851734,1
169.34106545677645,6.595784905439295,36.78909267704489,753.7290733553056,1
159.79533952058762,8.734630214066176,45.54103790656342,249.83343850405015,1
487.85474963860054,3.118179013010316,35.90377591851177,607.5377025198318,1
226.89397610004218,8.362138494879122,30.968608093946802,997.3574830823815,1
451.420949829701,3.6130185603819562,59.359105918393126,851.1762156048151,1
334.0123816987683,3.309247542925636,36.37336025260172,692.1755505848087,1
407.66508659374176,3.3141263834479435,55.76396814716538,445.00289662928935,1
276.18669189733646,8.516597761851056,29.198184235643446,699.1166690333107,1
309.6067480818616,7.321577765569601,28.52418816100333,621.6331711293212,1
271.63296221848873,6.184523398152955,21.245363315380455,540.8667071122973,1
137.85934450912004,4.87064387298802,46.066673015035406,304.5683013921596,1
375.1034518676774,9.017604326504866,34.74105374895045,909.2833721923733,1
176.3475630983851,5.139560859381083,54.57432999358548,559.827719057058,1
60.942184894154224,8.532795515772616,38.928396267662286,355.69800945661206,1
340.46253315822554,5.513079268561747,58.72773711658887,494.2074807018317,1
129.699805733172,5.015555435399261,27.421020628124847,531.3038020231415,1
473.20636295881144,5.7014382853568515,54.744926718224434,862.0303164534994,1
479.2678596511643,4.411022993313137,51.06387411166967,786.8915044491216,1
461.68897559920185,7.980875041410009,50.83687378576208,815.4439149130718,1
216.57141511494999,6.021763120739833,53.79132912467551,208.82501154291776,1
56.95547743799034,3.8577015611745384,50.440959637719956,532.9231985438092,1
467.74335316447645,9.196596586196549,45.048812865256615,585.0753213082589,1
242.68286674279145,5.071129770985691,25.249795107295505,215.35382145844534,1
484.9946685696513,6.348422888911909,21.301047179650077,407.8505669960274,1
483.6289896901638,9.251776887716375,56.83391391262747,808.231858497708,1
433.854254960312,6.993903967311937,44.66601258082952,309.6877645831992,1
182.50200143131357,2.9351843256669126,51.86149163904705,628.2481051620733,1
223.29397787086637,9.5186569889078,39.260894060502004,372.16149761379,1
433.0115021825856,7.021664424571343,24.69232755849578,209.69661971511462,1
192.61490232032494,4.679244917256689,25.007431688102017,392.9611660796332,1
126.27173600874161,3.114176581307098,47.422611489158854,980.699003928043,1
300.56056810625756,8.352201514162367,37.21223579597851,841.2296895063917,1
471.2696483723514,6.960582047428108,28.02098906801347,967.6613154568267,1
363.21340850373787,6.267688735810572,39.66378186965748,590.28323514109,1
306.52752654021424,9.151140664407661,22.568357483005364,287.7889589420028,1
93.72942219684583,8.308777689796246,43.27885607657595,638.3675911789544,1
326.75325201462636,3.2133990378620094,30.75973617740391,563.5018676479688,1
495.5242325469185,4.493776542364386,51.90236402548753,875.4856661916928,1
113.03780685643582,3.987913118515726,32.41447835694295,278.46606462739567,1
283.24834356368154,7.951570340581416,38.20880596327205,590.5929096174225,1
444.81788236757995,2.268259477886235,20.464821596324025,320.0389317551874,1
383.345877989392,6.559117478970532,22.897875511782356,459.740741512048,1
363.6570834478706,8.099669485925524,35.69974225626739,789.8856619102397,1
366.11783779419915,9.014125094093995,39.19755338868494,580.8145034950132,1
211.77101804888983,4.73665398972726,44.00082192477215,500.71062811661545,1
182.116329919022,8.570058437376103,31.66650314837213,515.5810228560283,1
414.2125199653311,2.885053895641658,47.7992754450617,567.5574147247893,1
414.55102760563136,8.771618333876145,54.40489588756818,828.0132350696455,1
440.18254336104667,3.0199092986558593,51.194039555733994,913.6677511521875,1
460.9582486504121,5.178298324482938,21.584753013934286,964.2677492031427,1
280.10407948742204,8.378362926236429,39.220277890313156,829.522709004236,1
275.68233260923984,3.1993394187901902,24.197207136726995,452.3255165984102,1
409.23283053504883,3.834011161861132,29.681800634501098,750.5077648692337,1
342.4837688499943,7.77802054714453,59.46650373068586,550.0824992443136,1
365.8850947659665,7.760292292368595,25.69982171606053,403.7364976368409,1
408.10670124624545,7.129181063082378,39.95552613805424,872.697263540738,1
450.50240381790485,7.5515875557368,44.72622937272476,230.74107916986,1
202.09782058319112,6.341795546780769,48.098598821764156,921.4095937083388,1
219.01232868797482,4.014392471255622,42.385947339476566,569.1819716997873,1
92.29187292839106,4.7655679480313555,20.390833896767347,709.7611814466243,1
310.2260634482783,3.4527817344114053,33.058452329759675,727.4831377646261,1
66.17402320853394,9.267604490669026,40.70846573538846,916.0941925652292,1
259.5191081596071,6.667134358128964,23.514659965793335,709.3357457337659,1
294.1900856184095,5.206811334109119,34.02507724836723,691.1468678080494,1
178.94356345772798,5.6960464291530615,21.32812435165466,253.32163244855195,1
315.87496725605484,9.578266716894522,23.143139886200828,614.7264175561633,1
63.72511247257224,3.2268112249286416,35.87693104806384,320.1352006536333,1
66.80668493714649,6.689838656134378,25.308630161722412,789.9470149771885,1
420.17025229684623,6.047109431075728,42.70163393046232,609.7775366501396,1
212.0857886350683,6.891633883477183,47.578598765490625,744.1822233666826,1
107.17723069334815,2.144881470566724,52.02346796436331,233.33832048190743,1
285.00946702466194,8.976991271553212,28.006009769792403,267.8336128366426,1
396.49709889437486,9.4569462598689,26.699303290362792,773.0587104501458,1
147.11946237357944,6.5210654687136715,24.18271361337601,257.66746879893867,1
330.3007141185501,7.573206591015138,45.457209981745464,257.0053822122069,1
88.4063592471956,9.379995049418365,48.25902905947605,209.68678018790996,1
73.25677452587347,7.657909074507189,21.26344579302568,965.2011186395841,1
289.1095842056666,3.2203123433140908,57.448489849747595,790.0066875672055,1
293.2858047245479,6.610306881334505,22.078851346058897,482.60112680165133,1
336.84345567419297,6.853720371062847,41.65185341204282,437.2284650301242,1
376.7411001751977,5.393045370419088,48.36242077803666,479.7625837966796,1
489.1334357581406,7.891553884997783,54.83876494984342,819.7228249449455,1
282.3351567355379,9.474936118152119,48.56347728529711,729.0964888563315,1
195.3304128235607,9.40454810325421,52.069123322791675,348.1564542939743,1
407.83378764591663,5.606714971233057,33.57800770171224,339.2874682672675,1
171.87451306793338,2.905904366726042,52.59300454986049,278.71651977071787,1
247.53713931753626,9.878729591698676,23.204593855387007,728.2421757610705,1
85.30537160401968,8.711184691567473,55.792666242421106,811.4981297773887,1
61.40783453695588,2.9973014496261348,41.90369504614945,412.0371426600032,1
483.1917866050663,9.366735060938979,52.69191079849975,216.75596882473025,1
426.1910542304926,8.959170896497026,38.092731380732005,265.7373339811419,1
363.18839274216407,6.150704457008577,45.743107807860994,974.2880278760243,1
234.02882498642145,6.730203485959434,41.05610643744453,436.3558219819362,1
127.9824440318806,5.192021630961042,49.263580870213275,815.3785182705069,1
120.39666920198871,2.4380931105762507,23.265199281223584,699.730855083411,1
162.60930417406792,4.681577933167207,22.414083359622552,505.5517117223167,1
297.1519991177542,8.422827588784092,29.884129360405858,364.5498097564441,1
371.56816521502805,2.037056184036823,26.381787204527534,297.10913452752516,1
347.08881952297907,4.6679933735291534,54.87134266368807,692.0103744310933,1
175.97025362567427,5.1853495487275465,28.76855949432177,819.7070245102304,1
479.68937629843737,6.299164823503383,59.03461023276525,715.1234028329045,1
382.05361251309586,9.358844931302084,33.47583167084427,624.2417065993267,1
299.4593236301303,4.77076795492769,27.284716627547972,233.560978745309,1
325.2743358054585,4.7756256151698215,51.58794028569916,974.791022075507,1
238.82002809250545,7.900009984877987,46.34831102003504,838.9713533236596,1
161.47894527552086,5.617743527118457,39.92782865812556,434.25762936077183,1
210.18770539306772,3.7968385835198557,42.214542037505254,983.9762634870805,1
391.0307497089661,5.619516129061547,48.768071130890554,681.5052717090578,1
56.47706988339014,3.126856163038399,29.13818965325195,665.9381265657971,1
102.23268822811231,3.4110958920497865,59.853356642269674,798.4585435436256,1
70.70118890978874,5.986942181915838,58.991726485871325,849.4158304721101,1
68.32796104353656,5.351403596036383,46.01302745387748,725.1828858652021,1
434.95726280495325,9.3187672085448,27.981698037165806,302.47659709296,1
366.64603672101066,4.899151192933065,47.209129697251655,470.6140047955987,1
263.37822308929634,6.644706802224348,22.887936359167036,942.4669122608398,1
94.02537229295066,7.058114303356243,21.226100088232243,379.6924894750815,1
271.2271438025746,2.104755652706669,30.30731554044855,497.73361907001066,1
263.0622968512546,7.308298976133685,38.504918269572656,545.6615063553568,1
127.94084145950683,3.4242877349580114,54.73090021633522,551.5239917555617,1
245.23324215708786,9.68856253975564,49.08676279065232,690.3516659956204,1
229.32713047881805,3.1893018220249036,49.70826084799924,954.460670195766,1
327.1325441234974,5.31699298981619,37.01973337792302,392.55416946600394,1
335.7921428904397,2.682797344629151,33.83739970187852,297.20110104073444,1
70.38680439742004,9.974994014767578,34.84155051938411,357.97639188794983,1
218.57567658191203,6.017560082649941,59.505982549442315,909.5399201674156,1
331.63696207140634,6.76308013856035,21.6043676564993,716.6486501241648,1
276.41131636103944,2.53661181910742,54.681259844897944,428.72543139132813,1
435.42042853474504,7.999683763193422,43.14701634289574,852.7575511748938,1
346.41213422852525,3.679244744764686,37.54461676758362,889.0959970907488,1
123.32049218664336,9.18443431552571,49.01030641660546,877.2114709522224,1
81.75593633019344,3.6411171238560573,39.466757656988115,935.1412269116436,1
339.088675192842,3.5255017653093326,54.93692952326642,401.79281613868926,1
61.930089743729816,2.292397342784759,56.02807456045034,804.0335429970227,1
313.5990115730585,5.776535560879994,36.86883707493821,568.431597819312,1
473.1036086412309,6.518729066100931,31.073111889402064,873.5988423120492,1
308.96338004414554,2.525669115426819,43.69401314373449,782.7925417292905,1
224.67646679293486,8.204220933560084,56.49453382466764,821.1579571997797,1
339.47969829905895,5.626310677984221,28.42648756022666,724.9294701448572,1
256.21380072118245,6.19512215462064,44.91866334253931,341.94301557576546,1
295.5275551921707,5.526101975505825,45.26240880370082,636.0215351175507,1
473.65916394943633,5.206104487002608,49.32452089661124,987.7357916196065,1
223.74618701034842,6.477122650465743,25.262707405090392,949.9104531976951,1
482.5357537207614,3.2419219674457,48.63299858728354,234.53898863760935,1
457.4077888802287,3.455425043962169,56.36130082662564,331.8518525835497,1
138.1060106551834,8.894284968108138,27.18732435480968,305.38301876364955,1
81.21258539382445,9.568923697069062,29.501732996955106,780.7839279882364,1
95.350100619842,4.986474530238024,58.855803761665584,854.2282638855561,1
58.19982154319737,4.16595738514843,27.23907810837959,370.80909304853753,1
92.49933234016777,7.151996345912126,54.17540373478317,604.6821543614632,1
357.35304803736057,5.269873368784771,39.69111425792139,872.56242240896,1
82.03489180710304,2.203090845282759,29.889242976127083,786.2412358130005,1
193.5390336321926,3.249220778929523,54.829996050900455,633.7897643934787,1
430.19388993625455,7.72777783077918,37.81221020010662,672.2781523670183,1
60.472371081121636,7.271391535281211,40.59269415718761,606.688437533024,1
416.5108171650211,2.216767940027868,34.36933477599062,438.03876105505645,1
176.83464864802997,3.7757772954635955,43.7180340573971,652.0175942872129,1
103.17417242974531,3.848598372704571,26.54095490340091,751.1082416400725,1
363.5317244138678,7.375141948789827,35.64326146607043,898.6583326886462,1
333.0242810509478,2.1576843020349132,58.7764928934115,709.0330831833985,1
444.86240608717384,2.8328686558765908,30.3253373080451,808.8972296345264,1
380.7819697117486,8.399328682985516,46.269466581651685,328.0573079636584,1
411.5664186731819,3.428357296434669,33.00760256898779,569.2459795358319,1
176.9155576570879,7.221968862814998,50.93892502746402,207.46529586167463,1
129.84779470087528,3.905462248373812,25.23494642873399,397.34309161729846,1
387.7766382383862,2.7955311420747613,58.79284180314179,781.1693720904038,1
413.0756326702688,3.9453775279956327,38.151581655345566,993.4479610794907,1
495.727313900303,7.778135454845273,29.44201853385856,279.34247966977273,1
235.6779546101419,8.845571744850286,22.939869893200505,521.1954526890306,1
217.40813860675243,8.641758916535933,26.79031620350163,840.0567749593276,1
399.3858323338986,5.177468236947639,40.79095794224071,363.2285077031191,1
203.36159311385802,7.344681092565169,33.48012705725145,644.067959441829,1
468.84079652160415,3.6398743633265678,53.15533463530438,786.4570368237398,1
436.2857383293553,4.345181842088106,37.235500946472236,692.7883602081432,1
243.04731231875826,9.170686548168959,29.948570903505196,350.4197876923329,1
387.8919805061738,2.1040153880858883,44.68579946416121,484.30765494859156,1
389.5442933381071,2.6840682468357446,48.27108867541783,827.0334275883177,1
96.40574097616968,3.6630900411682186,26.681676316037994,643.3812113056133,1
456.148808005805,2.2122576309905577,26.704768651532707,204.18369083433018,1
277.3635676015357,3.4514834807183785,21.466857077341718,808.7926080224751,1
421.90585974848375,6.664332487757537,49.45608060262562,228.24908395219126,1
194.0223204637753,5.371396404739984,46.552181104872204,796.5870261849857,1
452.9854528232902,9.141373688615799,38.98523502999255,361.9844481321899,1
225.1407554303734,8.539548493907528,53.76681795876789,966.4587840955041,1
54.87694316613426,4.734538813583008,52.22680611800213,494.3526010416676,1
457.42188938866866,4.07538746745034,43.414174575870085,461.5452930704633,1
91.0790045537601,5.037539265338135,54.73085122053035,319.11044026595573,1
193.69113691568668,6.722359540118462,28.23364840147073,444.4833723921719,1
477.5278851728622,4.14450912658301,24.476784775909117,901.3206094625605,1
477.77321612190025,6.993191262793072,30.789984460679584,997.0674701017979,1
308.04704965547876,5.275293217529923,22.283474243572595,494.64762440547867,1
334.32674547640966,6.416377446815842,41.24678112004128,558.888504763634,1
251.8004848902439,5.4890122330825335,57.464227691798456,777.6567505621896,1
181.94484726412904,4.355726076335341,21.573741626740386,908.9566243720597,1
197.89904541646217,9.587626455697254,24.884396560401072,674.4354673494273,1
352.63330523466726,8.108846353278086,38.08796113133741,513.2205585422635,1
388.568538246956,3.1209054061316204,57.3550007011162,530.0974726788991,1
406.21056967663185,8.947743807183302,32.64624419907002,756.4945171974455,1
405.32816425754925,5.899449585996109,40.289392347535696,202.57461088342293,1
91.04274637191067,9.156417815152732,21.662914362015684,695.6714699678726,1
272.48913711616166,8.398842047578523,25.933728038483554,484.3944083530859,1
75.90144200748992,5.401708035753868,59.46520491835388,835.3578650216674,1
297.287997045681,2.179754466560939,58.60474785744182,274.3925118585057,1
248.68872561801965,4.149418875079569,20.197599237376384,670.5618135587124,1
449.4668822412349,6.333073717286935,58.07247141692956,584.778311908899,1
207.91175564843542,7.067825758609178,45.56479751262002,713.860420724182,1
102.68015739242264,4.063101483465618,54.716731780800885,251.88287558637467,1
114.34625692377614,3.114848592582593,38.18959422535436,663.987029942505,1
392.6797842728625,8.679441894394394,40.62384114317001,649.1876703676189,1
328.1981284923175,9.875217445628417,39.55386321027681,648.5280755329368,1
95.50520425525562,6.205521458421487,46.67457030184417,682.7901332771638,1
87.84806275174884,3.373434286786428,25.586050190252514,741.1743497810897,1
365.436109156604,4.178458612154952,21.198943594907117,843.9911997446158,1
82.74335286388708,2.147125412379734,32.31719766364763,415.85657610257147,1
419.8370266806603,9.314390452483991,48.18723050946587,860.0395281440497,1
367.8090022204233,2.942008663121129,28.074138084917934,598.6045458107628,1
86.6069512888549,6.6121318041140285,46.93729733299669,261.64662330746495,1
88.17697133833636,4.192441765497648,58.79648184429082,246.84074339518335,1
493.9878103255289,6.433424020126347,23.756028631576736,467.39065495684866,1
218.42185809025415,7.211363106814914,46.90408472900505,827.9175816891741,1
216.7889661801009,8.637934429657612,37.750008772182845,766.1447477927326,1
415.75980526587614,3.6513701740848257,54.72569017510021,830.8919717379251,1
476.2618598227364,2.087966629267844,27.085991577895435,613.8152451532875,1
493.7004787202919,3.095085040550458,47.70503808904658,552.1591983643925,1
389.0201833665237,9.20014913478484,53.52461158592441,317.96202136502717,1
219.3168134889121,8.991120620500123,57.78456877896093,462.55420288744926,1
87.57532251440094,6.779304817362466,47.329921131585834,547.2154929391002,1
399.7161121673466,6.804134883469227,39.8869905603371,270.8803437436938,1
301.2819123811123,7.320293396370044,44.713889608048554,376.489562168969,1
240.89990416113932,3.4029702289875967,54.756199379148725,678.5802352509911,1
457.8594732926312,9.315295567399678,42.82438986555319,788.5304913913519,1
100.03886703776811,5.350164199136585,21.215482387873475,998.6780091143597,1
271.6812969308866,5.06510822599598,57.23794782027911,946.4906650748461,1
55.10914014533858,6.1513416422627,47.58107004126245,714.0521596281533,1
260.8972888973568,2.3757277342004404,47.06053543108986,536.9984426352576,1
75.3364740568268,3.3302669500486353,28.627006095908687,708.9418917665862,1
103.46806232063236,7.9042689314109635,46.355418809306286,828.5212944641855,1
102.8868110496972,2.6623893434010117,35.754576226166336,294.6689527387099,1
342.1446359522286,6.825216875731106,46.04931908165968,527.9239117570306,1
385.7201956694405,3.9627928774505676,24.26372121231963,871.8418285084938,1
312.5159442937218,5.114364912335812,46.313812184121446,507.0663615464352,1
482.97764681354386,4.309549894165599,59.97654903082666,657.4978169817492,1
218.69176078566682,4.845381731719593,21.92848155442224,670.2154886897586,1
178.57043882683732,7.752367241473964,59.08696736885269,347.5810025069115,1
440.8696076852571,4.3769737249854,36.27631842891482,489.7883533218307,1
150.6181273337537,6.5312371223751775,54.83013801349037,467.60903099354573,1
483.4501427482751,5.808403217592797,51.29541936233094,220.95736682565183,1
55.46951361041735,7.309369322901185,42.68065043946671,219.3534111130842,1
486.44547201843756,9.494637914598064,49.537968370053065,865.3576349406188,1
69.42196037775925,7.860576777682002,55.14062245205392,418.4566479782499,1
451.014401164132,3.719523028726054,36.165612866041315,614.4630129910523,1
287.4654990888349,2.2494650804902774,33.081326462529546,438.9804588710184,1
496.83415825368513,4.098112354398601,46.70373542254339,952.5433960922724,1
83.20845413092948,6.760623445602039,52.31383767765034,407.43740709261897,1
299.2344279805943,2.411406507874003,50.49140539106463,543.7254501911481,1
486.18614102859453,5.970929977609891,51.912545954345376,898.1842003876815,1
285.39402987656695,6.774742791335114,37.42333259251732,873.5468534334469,1
333.22938716086816,4.673951126535687,52.71336864700086,348.88113427702183,1
363.08691004307775,8.167297629966576,24.80836221482434,842.1146478365683,1
254.54347914549794,2.8527860250701744,41.77956391843398,566.5495093903141,1
332.40113603782856,2.60110225388647,20.230346419924864,586.3750976682842,1
312.9414403653951,7.825510049628827,32.98343319601081,306.783977932755,1
455.52110472094506,5.963930529649588,34.65846139485592,264.4812110056997,1
70.45087115365604,7.507219171421888,35.846907664370214,782.3514455790122,1
176.43343531650365,5.47861870882997,47.81868826759449,597.1689218842398,1
477.6851678344514,3.9712162659128545,35.54232405081383,549.4805620921436,1
450.61870275091235,8.552818541393599,37.94774490490123,783.6065829219174,1
255.0455387535708,8.395327031751833,29.5017652349731,812.4103191928878,1
329.05966901069155,7.557571766835414,34.9300716651736,327.12653413548287,1
174.8215323415097,4.177161097839702,29.090785090526058,688.1801195821131,1
134.65452187569258,6.721845334952697,22.927836950737746,308.28326582214845,1
258.664282222992,4.887791175520214,44.13794373525512,801.1000688232366,1
209.00850261172377,2.732656586613073,46.728511942200655,725.5641250137116,1
312.64525033289243,9.338508603697942,44.779613840384584,965.2916968667664,1
84.98058663424317,3.0945490473516912,38.5397617520229,255.16641308513695,1
488.4776634497749,9.60189883056642,35.19143120716919,245.64377692100345,1
493.7948350158213,5.568046183663646,54.53334598287301,425.7496597545601,1
